"image_id","original_id","scenario","image_relpath","label_relpath"
"daytime_normal__be39c92f-cef221af","be39c92f-cef221af","daytime_normal","images/daytime_normal__be39c92f-cef221af.jpg","labels/daytime_normal__be39c92f-cef221af.json"
"daytime_normal__b33ced12-423ec0dc","b33ced12-423ec0dc","daytime_normal","images/daytime_normal__b33ced12-423ec0dc.jpg","labels/daytime_normal__b33ced12-423ec0dc.json"
"daytime_normal__bef271e3-99f9020e","bef271e3-99f9020e","daytime_normal","images/daytime_normal__bef271e3-99f9020e.jpg","labels/daytime_normal__bef271e3-99f9020e.json"
"daytime_normal__b9e4cb3d-eaf3d4ad","b9e4cb3d-eaf3d4ad","daytime_normal","images/daytime_normal__b9e4cb3d-eaf3d4ad.jpg","labels/daytime_normal__b9e4cb3d-eaf3d4ad.json"
"daytime_normal__c718a581-814b4e2d","c718a581-814b4e2d","daytime_normal","images/daytime_normal__c718a581-814b4e2d.jpg","labels/daytime_normal__c718a581-814b4e2d.json"
"daytime_normal__c1f9740a-41816cad","c1f9740a-41816cad","daytime_normal","images/daytime_normal__c1f9740a-41816cad.jpg","labels/daytime_normal__c1f9740a-41816cad.json"
"daytime_normal__c6d77a40-03423c96","c6d77a40-03423c96","daytime_normal","images/daytime_normal__c6d77a40-03423c96.jpg","labels/daytime_normal__c6d77a40-03423c96.json"
"daytime_normal__c366973d-c03525b0","c366973d-c03525b0","daytime_normal","images/daytime_normal__c366973d-c03525b0.jpg","labels/daytime_normal__c366973d-c03525b0.json"
"daytime_normal__bfbc2f14-6fb10366","bfbc2f14-6fb10366","daytime_normal","images/daytime_normal__bfbc2f14-6fb10366.jpg","labels/daytime_normal__bfbc2f14-6fb10366.json"
"daytime_normal__b30af183-3029b316","b30af183-3029b316","daytime_normal","images/daytime_normal__b30af183-3029b316.jpg","labels/daytime_normal__b30af183-3029b316.json"
"daytime_normal__b555790d-cfb88988","b555790d-cfb88988","daytime_normal","images/daytime_normal__b555790d-cfb88988.jpg","labels/daytime_normal__b555790d-cfb88988.json"
"daytime_normal__bfd29575-767314a3","bfd29575-767314a3","daytime_normal","images/daytime_normal__bfd29575-767314a3.jpg","labels/daytime_normal__bfd29575-767314a3.json"
"daytime_normal__ba36b0a9-6c380330","ba36b0a9-6c380330","daytime_normal","images/daytime_normal__ba36b0a9-6c380330.jpg","labels/daytime_normal__ba36b0a9-6c380330.json"
"daytime_normal__be9496ad-3d23e714","be9496ad-3d23e714","daytime_normal","images/daytime_normal__be9496ad-3d23e714.jpg","labels/daytime_normal__be9496ad-3d23e714.json"
"daytime_normal__b4e97132-0dbc3f9f","b4e97132-0dbc3f9f","daytime_normal","images/daytime_normal__b4e97132-0dbc3f9f.jpg","labels/daytime_normal__b4e97132-0dbc3f9f.json"
"daytime_normal__c787a6cc-9b914e7d","c787a6cc-9b914e7d","daytime_normal","images/daytime_normal__c787a6cc-9b914e7d.jpg","labels/daytime_normal__c787a6cc-9b914e7d.json"
"daytime_normal__bbea4013-25cf6227","bbea4013-25cf6227","daytime_normal","images/daytime_normal__bbea4013-25cf6227.jpg","labels/daytime_normal__bbea4013-25cf6227.json"
"daytime_normal__c168558d-9a3f4c8c","c168558d-9a3f4c8c","daytime_normal","images/daytime_normal__c168558d-9a3f4c8c.jpg","labels/daytime_normal__c168558d-9a3f4c8c.json"
"daytime_normal__b25c1103-5da4b435","b25c1103-5da4b435","daytime_normal","images/daytime_normal__b25c1103-5da4b435.jpg","labels/daytime_normal__b25c1103-5da4b435.json"
"daytime_normal__c03d7f81-5f0aafb9","c03d7f81-5f0aafb9","daytime_normal","images/daytime_normal__c03d7f81-5f0aafb9.jpg","labels/daytime_normal__c03d7f81-5f0aafb9.json"
"daytime_normal__bb0479a0-b3c8e0ea","bb0479a0-b3c8e0ea","daytime_normal","images/daytime_normal__bb0479a0-b3c8e0ea.jpg","labels/daytime_normal__bb0479a0-b3c8e0ea.json"
"daytime_normal__b924005d-3e1ae14d","b924005d-3e1ae14d","daytime_normal","images/daytime_normal__b924005d-3e1ae14d.jpg","labels/daytime_normal__b924005d-3e1ae14d.json"
"daytime_normal__ba0b31f2-c45b879b","ba0b31f2-c45b879b","daytime_normal","images/daytime_normal__ba0b31f2-c45b879b.jpg","labels/daytime_normal__ba0b31f2-c45b879b.json"
"daytime_normal__bb78624a-907eb4f3","bb78624a-907eb4f3","daytime_normal","images/daytime_normal__bb78624a-907eb4f3.jpg","labels/daytime_normal__bb78624a-907eb4f3.json"
"daytime_normal__c8266770-0cc2a4c7","c8266770-0cc2a4c7","daytime_normal","images/daytime_normal__c8266770-0cc2a4c7.jpg","labels/daytime_normal__c8266770-0cc2a4c7.json"
"daytime_normal__c0a3b5cc-b6d07aae","c0a3b5cc-b6d07aae","daytime_normal","images/daytime_normal__c0a3b5cc-b6d07aae.jpg","labels/daytime_normal__c0a3b5cc-b6d07aae.json"
"daytime_normal__b5046f1e-340a743a","b5046f1e-340a743a","daytime_normal","images/daytime_normal__b5046f1e-340a743a.jpg","labels/daytime_normal__b5046f1e-340a743a.json"
"daytime_normal__c92046a2-5264bdd4","c92046a2-5264bdd4","daytime_normal","images/daytime_normal__c92046a2-5264bdd4.jpg","labels/daytime_normal__c92046a2-5264bdd4.json"
"daytime_normal__b7edcfdc-f018989f","b7edcfdc-f018989f","daytime_normal","images/daytime_normal__b7edcfdc-f018989f.jpg","labels/daytime_normal__b7edcfdc-f018989f.json"
"daytime_normal__c734eb0a-9d6807cb","c734eb0a-9d6807cb","daytime_normal","images/daytime_normal__c734eb0a-9d6807cb.jpg","labels/daytime_normal__c734eb0a-9d6807cb.json"
"daytime_normal__c3a26429-70b45205","c3a26429-70b45205","daytime_normal","images/daytime_normal__c3a26429-70b45205.jpg","labels/daytime_normal__c3a26429-70b45205.json"
"daytime_normal__c18cdb0e-c6d8672a","c18cdb0e-c6d8672a","daytime_normal","images/daytime_normal__c18cdb0e-c6d8672a.jpg","labels/daytime_normal__c18cdb0e-c6d8672a.json"
"daytime_normal__bf70a9e2-55b26931","bf70a9e2-55b26931","daytime_normal","images/daytime_normal__bf70a9e2-55b26931.jpg","labels/daytime_normal__bf70a9e2-55b26931.json"
"daytime_normal__b5238f1c-f5d779fc","b5238f1c-f5d779fc","daytime_normal","images/daytime_normal__b5238f1c-f5d779fc.jpg","labels/daytime_normal__b5238f1c-f5d779fc.json"
"daytime_normal__b2fed216-2e5c452d","b2fed216-2e5c452d","daytime_normal","images/daytime_normal__b2fed216-2e5c452d.jpg","labels/daytime_normal__b2fed216-2e5c452d.json"
"daytime_normal__ba5c759c-1913a624","ba5c759c-1913a624","daytime_normal","images/daytime_normal__ba5c759c-1913a624.jpg","labels/daytime_normal__ba5c759c-1913a624.json"
"daytime_normal__b565d4cc-2e6cb390","b565d4cc-2e6cb390","daytime_normal","images/daytime_normal__b565d4cc-2e6cb390.jpg","labels/daytime_normal__b565d4cc-2e6cb390.json"
"daytime_normal__b7f75fad-1c1c419b","b7f75fad-1c1c419b","daytime_normal","images/daytime_normal__b7f75fad-1c1c419b.jpg","labels/daytime_normal__b7f75fad-1c1c419b.json"
"daytime_normal__b5aa77fa-b1916843","b5aa77fa-b1916843","daytime_normal","images/daytime_normal__b5aa77fa-b1916843.jpg","labels/daytime_normal__b5aa77fa-b1916843.json"
"daytime_normal__be3159f3-16212270","be3159f3-16212270","daytime_normal","images/daytime_normal__be3159f3-16212270.jpg","labels/daytime_normal__be3159f3-16212270.json"
"daytime_normal__c4f59bdd-00356764","c4f59bdd-00356764","daytime_normal","images/daytime_normal__c4f59bdd-00356764.jpg","labels/daytime_normal__c4f59bdd-00356764.json"
"daytime_normal__c09af0c6-d87bbf00","c09af0c6-d87bbf00","daytime_normal","images/daytime_normal__c09af0c6-d87bbf00.jpg","labels/daytime_normal__c09af0c6-d87bbf00.json"
"daytime_normal__ca68e8b3-3ecd270a","ca68e8b3-3ecd270a","daytime_normal","images/daytime_normal__ca68e8b3-3ecd270a.jpg","labels/daytime_normal__ca68e8b3-3ecd270a.json"
"daytime_normal__c7bc7797-e6749988","c7bc7797-e6749988","daytime_normal","images/daytime_normal__c7bc7797-e6749988.jpg","labels/daytime_normal__c7bc7797-e6749988.json"
"daytime_normal__b52f1b58-e49099e8","b52f1b58-e49099e8","daytime_normal","images/daytime_normal__b52f1b58-e49099e8.jpg","labels/daytime_normal__b52f1b58-e49099e8.json"
"daytime_normal__bfa05832-d5061cc3","bfa05832-d5061cc3","daytime_normal","images/daytime_normal__bfa05832-d5061cc3.jpg","labels/daytime_normal__bfa05832-d5061cc3.json"
"daytime_normal__c197a2a7-20f63536","c197a2a7-20f63536","daytime_normal","images/daytime_normal__c197a2a7-20f63536.jpg","labels/daytime_normal__c197a2a7-20f63536.json"
"daytime_normal__b93a8e92-e5a0589d","b93a8e92-e5a0589d","daytime_normal","images/daytime_normal__b93a8e92-e5a0589d.jpg","labels/daytime_normal__b93a8e92-e5a0589d.json"
"daytime_normal__b1da9c53-0f3d4c5d","b1da9c53-0f3d4c5d","daytime_normal","images/daytime_normal__b1da9c53-0f3d4c5d.jpg","labels/daytime_normal__b1da9c53-0f3d4c5d.json"
"daytime_normal__c22b4f17-7befe1a1","c22b4f17-7befe1a1","daytime_normal","images/daytime_normal__c22b4f17-7befe1a1.jpg","labels/daytime_normal__c22b4f17-7befe1a1.json"
"night_lowlight__b4ef573f-c11cbaee","b4ef573f-c11cbaee","night_lowlight","images/night_lowlight__b4ef573f-c11cbaee.jpg","labels/night_lowlight__b4ef573f-c11cbaee.json"
"night_lowlight__c9161830-52503e77","c9161830-52503e77","night_lowlight","images/night_lowlight__c9161830-52503e77.jpg","labels/night_lowlight__c9161830-52503e77.json"
"night_lowlight__c9185b69-e0fda3f0","c9185b69-e0fda3f0","night_lowlight","images/night_lowlight__c9185b69-e0fda3f0.jpg","labels/night_lowlight__c9185b69-e0fda3f0.json"
"night_lowlight__c6af1e13-951da297","c6af1e13-951da297","night_lowlight","images/night_lowlight__c6af1e13-951da297.jpg","labels/night_lowlight__c6af1e13-951da297.json"
"night_lowlight__b1db7e22-cfa74dc3","b1db7e22-cfa74dc3","night_lowlight","images/night_lowlight__b1db7e22-cfa74dc3.jpg","labels/night_lowlight__b1db7e22-cfa74dc3.json"
"night_lowlight__bf1e5669-860f46d0","bf1e5669-860f46d0","night_lowlight","images/night_lowlight__bf1e5669-860f46d0.jpg","labels/night_lowlight__bf1e5669-860f46d0.json"
"night_lowlight__baa09f40-a72f5fa3","baa09f40-a72f5fa3","night_lowlight","images/night_lowlight__baa09f40-a72f5fa3.jpg","labels/night_lowlight__baa09f40-a72f5fa3.json"
"night_lowlight__bd1e4e5b-2a9ffc3f","bd1e4e5b-2a9ffc3f","night_lowlight","images/night_lowlight__bd1e4e5b-2a9ffc3f.jpg","labels/night_lowlight__bd1e4e5b-2a9ffc3f.json"
"night_lowlight__b8a795ee-b1680470","b8a795ee-b1680470","night_lowlight","images/night_lowlight__b8a795ee-b1680470.jpg","labels/night_lowlight__b8a795ee-b1680470.json"
"night_lowlight__b6e2a815-20a3637b","b6e2a815-20a3637b","night_lowlight","images/night_lowlight__b6e2a815-20a3637b.jpg","labels/night_lowlight__b6e2a815-20a3637b.json"
"night_lowlight__c836d9b9-215a90eb","c836d9b9-215a90eb","night_lowlight","images/night_lowlight__c836d9b9-215a90eb.jpg","labels/night_lowlight__c836d9b9-215a90eb.json"
"night_lowlight__bf183e49-9965b6a6","bf183e49-9965b6a6","night_lowlight","images/night_lowlight__bf183e49-9965b6a6.jpg","labels/night_lowlight__bf183e49-9965b6a6.json"
"night_lowlight__bb6292eb-90b37ce9","bb6292eb-90b37ce9","night_lowlight","images/night_lowlight__bb6292eb-90b37ce9.jpg","labels/night_lowlight__bb6292eb-90b37ce9.json"
"night_lowlight__c9c9235f-d2de2015","c9c9235f-d2de2015","night_lowlight","images/night_lowlight__c9c9235f-d2de2015.jpg","labels/night_lowlight__c9c9235f-d2de2015.json"
"night_lowlight__bc5c87da-f8979312","bc5c87da-f8979312","night_lowlight","images/night_lowlight__bc5c87da-f8979312.jpg","labels/night_lowlight__bc5c87da-f8979312.json"
"night_lowlight__be9b088f-c2a29c43","be9b088f-c2a29c43","night_lowlight","images/night_lowlight__be9b088f-c2a29c43.jpg","labels/night_lowlight__be9b088f-c2a29c43.json"
"night_lowlight__c51d0636-df16876f","c51d0636-df16876f","night_lowlight","images/night_lowlight__c51d0636-df16876f.jpg","labels/night_lowlight__c51d0636-df16876f.json"
"night_lowlight__b96d19af-4b6a5a63","b96d19af-4b6a5a63","night_lowlight","images/night_lowlight__b96d19af-4b6a5a63.jpg","labels/night_lowlight__b96d19af-4b6a5a63.json"
"night_lowlight__bf1a30f8-59a115d8","bf1a30f8-59a115d8","night_lowlight","images/night_lowlight__bf1a30f8-59a115d8.jpg","labels/night_lowlight__bf1a30f8-59a115d8.json"
"night_lowlight__c876f8b1-f19a1697","c876f8b1-f19a1697","night_lowlight","images/night_lowlight__c876f8b1-f19a1697.jpg","labels/night_lowlight__c876f8b1-f19a1697.json"
"night_lowlight__b9fb5382-5cf0f1a7","b9fb5382-5cf0f1a7","night_lowlight","images/night_lowlight__b9fb5382-5cf0f1a7.jpg","labels/night_lowlight__b9fb5382-5cf0f1a7.json"
"night_lowlight__bb6292eb-cfbccc0b","bb6292eb-cfbccc0b","night_lowlight","images/night_lowlight__bb6292eb-cfbccc0b.jpg","labels/night_lowlight__bb6292eb-cfbccc0b.json"
"night_lowlight__b4e86b41-b15ff7cb","b4e86b41-b15ff7cb","night_lowlight","images/night_lowlight__b4e86b41-b15ff7cb.jpg","labels/night_lowlight__b4e86b41-b15ff7cb.json"
"night_lowlight__c6549c4a-6d2e9309","c6549c4a-6d2e9309","night_lowlight","images/night_lowlight__c6549c4a-6d2e9309.jpg","labels/night_lowlight__c6549c4a-6d2e9309.json"
"night_lowlight__b6c6e6fe-1c5ab635","b6c6e6fe-1c5ab635","night_lowlight","images/night_lowlight__b6c6e6fe-1c5ab635.jpg","labels/night_lowlight__b6c6e6fe-1c5ab635.json"
"night_lowlight__b7d13f97-0aec1868","b7d13f97-0aec1868","night_lowlight","images/night_lowlight__b7d13f97-0aec1868.jpg","labels/night_lowlight__b7d13f97-0aec1868.json"
"night_lowlight__b4d73ce8-d5b360f5","b4d73ce8-d5b360f5","night_lowlight","images/night_lowlight__b4d73ce8-d5b360f5.jpg","labels/night_lowlight__b4d73ce8-d5b360f5.json"
"night_lowlight__c3061560-56ac649f","c3061560-56ac649f","night_lowlight","images/night_lowlight__c3061560-56ac649f.jpg","labels/night_lowlight__c3061560-56ac649f.json"
"night_lowlight__c66cd6fa-979934f5","c66cd6fa-979934f5","night_lowlight","images/night_lowlight__c66cd6fa-979934f5.jpg","labels/night_lowlight__c66cd6fa-979934f5.json"
"night_lowlight__bba9d58b-afdc737b","bba9d58b-afdc737b","night_lowlight","images/night_lowlight__bba9d58b-afdc737b.jpg","labels/night_lowlight__bba9d58b-afdc737b.json"
"night_lowlight__bd554ae8-2c8c08df","bd554ae8-2c8c08df","night_lowlight","images/night_lowlight__bd554ae8-2c8c08df.jpg","labels/night_lowlight__bd554ae8-2c8c08df.json"
"night_lowlight__b46ee89c-5d054327","b46ee89c-5d054327","night_lowlight","images/night_lowlight__b46ee89c-5d054327.jpg","labels/night_lowlight__b46ee89c-5d054327.json"
"night_lowlight__c373cc4e-59108d25","c373cc4e-59108d25","night_lowlight","images/night_lowlight__c373cc4e-59108d25.jpg","labels/night_lowlight__c373cc4e-59108d25.json"
"night_lowlight__babc7a6c-c5941835","babc7a6c-c5941835","night_lowlight","images/night_lowlight__babc7a6c-c5941835.jpg","labels/night_lowlight__babc7a6c-c5941835.json"
"night_lowlight__b931fe93-db7bffaf","b931fe93-db7bffaf","night_lowlight","images/night_lowlight__b931fe93-db7bffaf.jpg","labels/night_lowlight__b931fe93-db7bffaf.json"
"night_lowlight__b931fe93-5ee3a9ba","b931fe93-5ee3a9ba","night_lowlight","images/night_lowlight__b931fe93-5ee3a9ba.jpg","labels/night_lowlight__b931fe93-5ee3a9ba.json"
"night_lowlight__c7284932-f669eff5","c7284932-f669eff5","night_lowlight","images/night_lowlight__c7284932-f669eff5.jpg","labels/night_lowlight__c7284932-f669eff5.json"
"night_lowlight__b54578dc-5a2c0b63","b54578dc-5a2c0b63","night_lowlight","images/night_lowlight__b54578dc-5a2c0b63.jpg","labels/night_lowlight__b54578dc-5a2c0b63.json"
"night_lowlight__c9cc3cb0-b0085030","c9cc3cb0-b0085030","night_lowlight","images/night_lowlight__c9cc3cb0-b0085030.jpg","labels/night_lowlight__c9cc3cb0-b0085030.json"
"night_lowlight__ca0eb18c-907cd101","ca0eb18c-907cd101","night_lowlight","images/night_lowlight__ca0eb18c-907cd101.jpg","labels/night_lowlight__ca0eb18c-907cd101.json"
"night_lowlight__bde10ba1-966885c2","bde10ba1-966885c2","night_lowlight","images/night_lowlight__bde10ba1-966885c2.jpg","labels/night_lowlight__bde10ba1-966885c2.json"
"night_lowlight__c2e50057-06f8a09f","c2e50057-06f8a09f","night_lowlight","images/night_lowlight__c2e50057-06f8a09f.jpg","labels/night_lowlight__c2e50057-06f8a09f.json"
"night_lowlight__b2a4bc4d-b251ccb1","b2a4bc4d-b251ccb1","night_lowlight","images/night_lowlight__b2a4bc4d-b251ccb1.jpg","labels/night_lowlight__b2a4bc4d-b251ccb1.json"
"night_lowlight__c1797ffb-633a7ed8","c1797ffb-633a7ed8","night_lowlight","images/night_lowlight__c1797ffb-633a7ed8.jpg","labels/night_lowlight__c1797ffb-633a7ed8.json"
"night_lowlight__bbebc8cb-c0c59383","bbebc8cb-c0c59383","night_lowlight","images/night_lowlight__bbebc8cb-c0c59383.jpg","labels/night_lowlight__bbebc8cb-c0c59383.json"
"night_lowlight__b3c672a8-b7b886ae","b3c672a8-b7b886ae","night_lowlight","images/night_lowlight__b3c672a8-b7b886ae.jpg","labels/night_lowlight__b3c672a8-b7b886ae.json"
"night_lowlight__bd956549-140a4edf","bd956549-140a4edf","night_lowlight","images/night_lowlight__bd956549-140a4edf.jpg","labels/night_lowlight__bd956549-140a4edf.json"
"night_lowlight__bf35c34e-a6721934","bf35c34e-a6721934","night_lowlight","images/night_lowlight__bf35c34e-a6721934.jpg","labels/night_lowlight__bf35c34e-a6721934.json"
"night_lowlight__b26f9b1e-09c56a3c","b26f9b1e-09c56a3c","night_lowlight","images/night_lowlight__b26f9b1e-09c56a3c.jpg","labels/night_lowlight__b26f9b1e-09c56a3c.json"
"night_lowlight__b685eb37-dc649de0","b685eb37-dc649de0","night_lowlight","images/night_lowlight__b685eb37-dc649de0.jpg","labels/night_lowlight__b685eb37-dc649de0.json"
"crowded_occluded__c02d91b8-8b1bdadc","c02d91b8-8b1bdadc","crowded_occluded","images/crowded_occluded__c02d91b8-8b1bdadc.jpg","labels/crowded_occluded__c02d91b8-8b1bdadc.json"
"crowded_occluded__b610c819-6f782f77","b610c819-6f782f77","crowded_occluded","images/crowded_occluded__b610c819-6f782f77.jpg","labels/crowded_occluded__b610c819-6f782f77.json"
"crowded_occluded__b61f19ba-48885e8c","b61f19ba-48885e8c","crowded_occluded","images/crowded_occluded__b61f19ba-48885e8c.jpg","labels/crowded_occluded__b61f19ba-48885e8c.json"
"crowded_occluded__c3e986e8-1d7a6ddc","c3e986e8-1d7a6ddc","crowded_occluded","images/crowded_occluded__c3e986e8-1d7a6ddc.jpg","labels/crowded_occluded__c3e986e8-1d7a6ddc.json"
"crowded_occluded__ca21055c-2050513f","ca21055c-2050513f","crowded_occluded","images/crowded_occluded__ca21055c-2050513f.jpg","labels/crowded_occluded__ca21055c-2050513f.json"
"crowded_occluded__b91cdc5d-bce994ce","b91cdc5d-bce994ce","crowded_occluded","images/crowded_occluded__b91cdc5d-bce994ce.jpg","labels/crowded_occluded__b91cdc5d-bce994ce.json"
"crowded_occluded__c186075f-85cc92e4","c186075f-85cc92e4","crowded_occluded","images/crowded_occluded__c186075f-85cc92e4.jpg","labels/crowded_occluded__c186075f-85cc92e4.json"
"crowded_occluded__ca3736db-cd087585","ca3736db-cd087585","crowded_occluded","images/crowded_occluded__ca3736db-cd087585.jpg","labels/crowded_occluded__ca3736db-cd087585.json"
"crowded_occluded__c569c251-cc941b80","c569c251-cc941b80","crowded_occluded","images/crowded_occluded__c569c251-cc941b80.jpg","labels/crowded_occluded__c569c251-cc941b80.json"
"crowded_occluded__bf0b285b-46b928cd","bf0b285b-46b928cd","crowded_occluded","images/crowded_occluded__bf0b285b-46b928cd.jpg","labels/crowded_occluded__bf0b285b-46b928cd.json"
"crowded_occluded__c60c04c3-10c3f122","c60c04c3-10c3f122","crowded_occluded","images/crowded_occluded__c60c04c3-10c3f122.jpg","labels/crowded_occluded__c60c04c3-10c3f122.json"
"crowded_occluded__c315b14e-429b1108","c315b14e-429b1108","crowded_occluded","images/crowded_occluded__c315b14e-429b1108.jpg","labels/crowded_occluded__c315b14e-429b1108.json"
"crowded_occluded__b59d9baf-e6b58cf2","b59d9baf-e6b58cf2","crowded_occluded","images/crowded_occluded__b59d9baf-e6b58cf2.jpg","labels/crowded_occluded__b59d9baf-e6b58cf2.json"
"crowded_occluded__c0e834fd-74036e84","c0e834fd-74036e84","crowded_occluded","images/crowded_occluded__c0e834fd-74036e84.jpg","labels/crowded_occluded__c0e834fd-74036e84.json"
"crowded_occluded__b5cd3939-44dd0c20","b5cd3939-44dd0c20","crowded_occluded","images/crowded_occluded__b5cd3939-44dd0c20.jpg","labels/crowded_occluded__b5cd3939-44dd0c20.json"
"crowded_occluded__c390eca8-8beac58f","c390eca8-8beac58f","crowded_occluded","images/crowded_occluded__c390eca8-8beac58f.jpg","labels/crowded_occluded__c390eca8-8beac58f.json"
"crowded_occluded__c90c8198-f73aed79","c90c8198-f73aed79","crowded_occluded","images/crowded_occluded__c90c8198-f73aed79.jpg","labels/crowded_occluded__c90c8198-f73aed79.json"
"crowded_occluded__ba9baf3d-415342a2","ba9baf3d-415342a2","crowded_occluded","images/crowded_occluded__ba9baf3d-415342a2.jpg","labels/crowded_occluded__ba9baf3d-415342a2.json"
"crowded_occluded__bb99dc60-942f3785","bb99dc60-942f3785","crowded_occluded","images/crowded_occluded__bb99dc60-942f3785.jpg","labels/crowded_occluded__bb99dc60-942f3785.json"
"crowded_occluded__bbda6802-894aa456","bbda6802-894aa456","crowded_occluded","images/crowded_occluded__bbda6802-894aa456.jpg","labels/crowded_occluded__bbda6802-894aa456.json"
"crowded_occluded__bb69d2b0-fc67c3d9","bb69d2b0-fc67c3d9","crowded_occluded","images/crowded_occluded__bb69d2b0-fc67c3d9.jpg","labels/crowded_occluded__bb69d2b0-fc67c3d9.json"
"crowded_occluded__bcaa771b-5ace3b37","bcaa771b-5ace3b37","crowded_occluded","images/crowded_occluded__bcaa771b-5ace3b37.jpg","labels/crowded_occluded__bcaa771b-5ace3b37.json"
"crowded_occluded__c62664f1-e2a87cef","c62664f1-e2a87cef","crowded_occluded","images/crowded_occluded__c62664f1-e2a87cef.jpg","labels/crowded_occluded__c62664f1-e2a87cef.json"
"crowded_occluded__bc197c3b-9d39a36a","bc197c3b-9d39a36a","crowded_occluded","images/crowded_occluded__bc197c3b-9d39a36a.jpg","labels/crowded_occluded__bc197c3b-9d39a36a.json"
"crowded_occluded__b4e7cde5-bc961dfe","b4e7cde5-bc961dfe","crowded_occluded","images/crowded_occluded__b4e7cde5-bc961dfe.jpg","labels/crowded_occluded__b4e7cde5-bc961dfe.json"
"crowded_occluded__c665137e-6fffaf45","c665137e-6fffaf45","crowded_occluded","images/crowded_occluded__c665137e-6fffaf45.jpg","labels/crowded_occluded__c665137e-6fffaf45.json"
"crowded_occluded__b8b2be1e-e42d11d8","b8b2be1e-e42d11d8","crowded_occluded","images/crowded_occluded__b8b2be1e-e42d11d8.jpg","labels/crowded_occluded__b8b2be1e-e42d11d8.json"
"crowded_occluded__b533db8e-afb2e60c","b533db8e-afb2e60c","crowded_occluded","images/crowded_occluded__b533db8e-afb2e60c.jpg","labels/crowded_occluded__b533db8e-afb2e60c.json"
"crowded_occluded__bb8e2033-cfd64d62","bb8e2033-cfd64d62","crowded_occluded","images/crowded_occluded__bb8e2033-cfd64d62.jpg","labels/crowded_occluded__bb8e2033-cfd64d62.json"
"crowded_occluded__ba8138ba-3a90a8bf","ba8138ba-3a90a8bf","crowded_occluded","images/crowded_occluded__ba8138ba-3a90a8bf.jpg","labels/crowded_occluded__ba8138ba-3a90a8bf.json"
"crowded_occluded__c0c8efe2-cb74e696","c0c8efe2-cb74e696","crowded_occluded","images/crowded_occluded__c0c8efe2-cb74e696.jpg","labels/crowded_occluded__c0c8efe2-cb74e696.json"
"crowded_occluded__bcb2c6fd-05ee678b","bcb2c6fd-05ee678b","crowded_occluded","images/crowded_occluded__bcb2c6fd-05ee678b.jpg","labels/crowded_occluded__bcb2c6fd-05ee678b.json"
"crowded_occluded__bf83fca6-1742f6e6","bf83fca6-1742f6e6","crowded_occluded","images/crowded_occluded__bf83fca6-1742f6e6.jpg","labels/crowded_occluded__bf83fca6-1742f6e6.json"
"crowded_occluded__befa588e-80b3c62a","befa588e-80b3c62a","crowded_occluded","images/crowded_occluded__befa588e-80b3c62a.jpg","labels/crowded_occluded__befa588e-80b3c62a.json"
"crowded_occluded__c2a6b1c9-ce009635","c2a6b1c9-ce009635","crowded_occluded","images/crowded_occluded__c2a6b1c9-ce009635.jpg","labels/crowded_occluded__c2a6b1c9-ce009635.json"
"crowded_occluded__ba81149b-bb88d2ac","ba81149b-bb88d2ac","crowded_occluded","images/crowded_occluded__ba81149b-bb88d2ac.jpg","labels/crowded_occluded__ba81149b-bb88d2ac.json"
"crowded_occluded__c723a926-5aaa770c","c723a926-5aaa770c","crowded_occluded","images/crowded_occluded__c723a926-5aaa770c.jpg","labels/crowded_occluded__c723a926-5aaa770c.json"
"crowded_occluded__b6db6674-29fd8e88","b6db6674-29fd8e88","crowded_occluded","images/crowded_occluded__b6db6674-29fd8e88.jpg","labels/crowded_occluded__b6db6674-29fd8e88.json"
"crowded_occluded__c72c701f-82bf3c37","c72c701f-82bf3c37","crowded_occluded","images/crowded_occluded__c72c701f-82bf3c37.jpg","labels/crowded_occluded__c72c701f-82bf3c37.json"
"crowded_occluded__b5183558-782ad31c","b5183558-782ad31c","crowded_occluded","images/crowded_occluded__b5183558-782ad31c.jpg","labels/crowded_occluded__b5183558-782ad31c.json"
"crowded_occluded__c28982c9-343d3ab5","c28982c9-343d3ab5","crowded_occluded","images/crowded_occluded__c28982c9-343d3ab5.jpg","labels/crowded_occluded__c28982c9-343d3ab5.json"
"crowded_occluded__c6fe2d9d-833142b5","c6fe2d9d-833142b5","crowded_occluded","images/crowded_occluded__c6fe2d9d-833142b5.jpg","labels/crowded_occluded__c6fe2d9d-833142b5.json"
"crowded_occluded__b555790d-ef09fa96","b555790d-ef09fa96","crowded_occluded","images/crowded_occluded__b555790d-ef09fa96.jpg","labels/crowded_occluded__b555790d-ef09fa96.json"
"crowded_occluded__b9094f83-df5b86f1","b9094f83-df5b86f1","crowded_occluded","images/crowded_occluded__b9094f83-df5b86f1.jpg","labels/crowded_occluded__b9094f83-df5b86f1.json"
"crowded_occluded__b49f5a46-b38ad0c6","b49f5a46-b38ad0c6","crowded_occluded","images/crowded_occluded__b49f5a46-b38ad0c6.jpg","labels/crowded_occluded__b49f5a46-b38ad0c6.json"
"crowded_occluded__c6758a15-c0202b07","c6758a15-c0202b07","crowded_occluded","images/crowded_occluded__c6758a15-c0202b07.jpg","labels/crowded_occluded__c6758a15-c0202b07.json"
"crowded_occluded__c59500f0-6304fda1","c59500f0-6304fda1","crowded_occluded","images/crowded_occluded__c59500f0-6304fda1.jpg","labels/crowded_occluded__c59500f0-6304fda1.json"
"crowded_occluded__ba4bcdc5-06e22f87","ba4bcdc5-06e22f87","crowded_occluded","images/crowded_occluded__ba4bcdc5-06e22f87.jpg","labels/crowded_occluded__ba4bcdc5-06e22f87.json"
"crowded_occluded__b4cf12d5-61fc3b07","b4cf12d5-61fc3b07","crowded_occluded","images/crowded_occluded__b4cf12d5-61fc3b07.jpg","labels/crowded_occluded__b4cf12d5-61fc3b07.json"
"crowded_occluded__bf5ea8d2-94c28266","bf5ea8d2-94c28266","crowded_occluded","images/crowded_occluded__bf5ea8d2-94c28266.jpg","labels/crowded_occluded__bf5ea8d2-94c28266.json"
"small_distant__b2d502aa-f0b28e3e","b2d502aa-f0b28e3e","small_distant","images/small_distant__b2d502aa-f0b28e3e.jpg","labels/small_distant__b2d502aa-f0b28e3e.json"
"small_distant__b3f0cdab-6712e58f","b3f0cdab-6712e58f","small_distant","images/small_distant__b3f0cdab-6712e58f.jpg","labels/small_distant__b3f0cdab-6712e58f.json"
"small_distant__c9160b61-80e5089a","c9160b61-80e5089a","small_distant","images/small_distant__c9160b61-80e5089a.jpg","labels/small_distant__c9160b61-80e5089a.json"
"small_distant__b4543c78-db967acc","b4543c78-db967acc","small_distant","images/small_distant__b4543c78-db967acc.jpg","labels/small_distant__b4543c78-db967acc.json"
"small_distant__b5be77ad-b861ba83","b5be77ad-b861ba83","small_distant","images/small_distant__b5be77ad-b861ba83.jpg","labels/small_distant__b5be77ad-b861ba83.json"
"small_distant__b7e1237b-876a427c","b7e1237b-876a427c","small_distant","images/small_distant__b7e1237b-876a427c.jpg","labels/small_distant__b7e1237b-876a427c.json"
"small_distant__ba528af9-121c1347","ba528af9-121c1347","small_distant","images/small_distant__ba528af9-121c1347.jpg","labels/small_distant__ba528af9-121c1347.json"
"small_distant__c1f39934-4b7f4d35","c1f39934-4b7f4d35","small_distant","images/small_distant__c1f39934-4b7f4d35.jpg","labels/small_distant__c1f39934-4b7f4d35.json"
"small_distant__bb55f0e2-e5501b3c","bb55f0e2-e5501b3c","small_distant","images/small_distant__bb55f0e2-e5501b3c.jpg","labels/small_distant__bb55f0e2-e5501b3c.json"
"small_distant__bdcda664-848e5b1e","bdcda664-848e5b1e","small_distant","images/small_distant__bdcda664-848e5b1e.jpg","labels/small_distant__bdcda664-848e5b1e.json"
"small_distant__b3e72283-584093dc","b3e72283-584093dc","small_distant","images/small_distant__b3e72283-584093dc.jpg","labels/small_distant__b3e72283-584093dc.json"
"small_distant__c4353b9c-08eedac2","c4353b9c-08eedac2","small_distant","images/small_distant__c4353b9c-08eedac2.jpg","labels/small_distant__c4353b9c-08eedac2.json"
"small_distant__b4f49565-ccd350b6","b4f49565-ccd350b6","small_distant","images/small_distant__b4f49565-ccd350b6.jpg","labels/small_distant__b4f49565-ccd350b6.json"
"small_distant__b25fb716-78d8d49b","b25fb716-78d8d49b","small_distant","images/small_distant__b25fb716-78d8d49b.jpg","labels/small_distant__b25fb716-78d8d49b.json"
"small_distant__bf4784eb-172d9e7a","bf4784eb-172d9e7a","small_distant","images/small_distant__bf4784eb-172d9e7a.jpg","labels/small_distant__bf4784eb-172d9e7a.json"
"small_distant__b8781f69-76c72b31","b8781f69-76c72b31","small_distant","images/small_distant__b8781f69-76c72b31.jpg","labels/small_distant__b8781f69-76c72b31.json"
"small_distant__c00c9631-ae7bd0ad","c00c9631-ae7bd0ad","small_distant","images/small_distant__c00c9631-ae7bd0ad.jpg","labels/small_distant__c00c9631-ae7bd0ad.json"
"small_distant__beb2d175-72de2f87","beb2d175-72de2f87","small_distant","images/small_distant__beb2d175-72de2f87.jpg","labels/small_distant__beb2d175-72de2f87.json"
"small_distant__c4e96efa-ea5f524b","c4e96efa-ea5f524b","small_distant","images/small_distant__c4e96efa-ea5f524b.jpg","labels/small_distant__c4e96efa-ea5f524b.json"
"small_distant__b71ecc5a-7a837d0a","b71ecc5a-7a837d0a","small_distant","images/small_distant__b71ecc5a-7a837d0a.jpg","labels/small_distant__b71ecc5a-7a837d0a.json"
"small_distant__b67d5d14-fbc8866e","b67d5d14-fbc8866e","small_distant","images/small_distant__b67d5d14-fbc8866e.jpg","labels/small_distant__b67d5d14-fbc8866e.json"
"small_distant__bf343a92-8db05f89","bf343a92-8db05f89","small_distant","images/small_distant__bf343a92-8db05f89.jpg","labels/small_distant__bf343a92-8db05f89.json"
"small_distant__ba5df354-9ff8402c","ba5df354-9ff8402c","small_distant","images/small_distant__ba5df354-9ff8402c.jpg","labels/small_distant__ba5df354-9ff8402c.json"
"small_distant__b4735a56-3315b8d6","b4735a56-3315b8d6","small_distant","images/small_distant__b4735a56-3315b8d6.jpg","labels/small_distant__b4735a56-3315b8d6.json"
"small_distant__c07e5e33-b70291b0","c07e5e33-b70291b0","small_distant","images/small_distant__c07e5e33-b70291b0.jpg","labels/small_distant__c07e5e33-b70291b0.json"
"small_distant__c43052f6-662bb3a2","c43052f6-662bb3a2","small_distant","images/small_distant__c43052f6-662bb3a2.jpg","labels/small_distant__c43052f6-662bb3a2.json"
"small_distant__c8ef1a34-e7c66c0c","c8ef1a34-e7c66c0c","small_distant","images/small_distant__c8ef1a34-e7c66c0c.jpg","labels/small_distant__c8ef1a34-e7c66c0c.json"
"small_distant__c4eb5462-c917fefd","c4eb5462-c917fefd","small_distant","images/small_distant__c4eb5462-c917fefd.jpg","labels/small_distant__c4eb5462-c917fefd.json"
"small_distant__b325fe35-b59e4e91","b325fe35-b59e4e91","small_distant","images/small_distant__b325fe35-b59e4e91.jpg","labels/small_distant__b325fe35-b59e4e91.json"
"small_distant__b1cebfb7-284f5117","b1cebfb7-284f5117","small_distant","images/small_distant__b1cebfb7-284f5117.jpg","labels/small_distant__b1cebfb7-284f5117.json"
"small_distant__c7f011d1-e88f3d4b","c7f011d1-e88f3d4b","small_distant","images/small_distant__c7f011d1-e88f3d4b.jpg","labels/small_distant__c7f011d1-e88f3d4b.json"
"small_distant__c12bfd38-4fe7afb2","c12bfd38-4fe7afb2","small_distant","images/small_distant__c12bfd38-4fe7afb2.jpg","labels/small_distant__c12bfd38-4fe7afb2.json"
"small_distant__b24702e3-e6f33768","b24702e3-e6f33768","small_distant","images/small_distant__b24702e3-e6f33768.jpg","labels/small_distant__b24702e3-e6f33768.json"
"small_distant__b7fd3f86-5366a23c","b7fd3f86-5366a23c","small_distant","images/small_distant__b7fd3f86-5366a23c.jpg","labels/small_distant__b7fd3f86-5366a23c.json"
"small_distant__b4dff9f4-bcac8fae","b4dff9f4-bcac8fae","small_distant","images/small_distant__b4dff9f4-bcac8fae.jpg","labels/small_distant__b4dff9f4-bcac8fae.json"
"small_distant__bc39bd15-d825bd1d","bc39bd15-d825bd1d","small_distant","images/small_distant__bc39bd15-d825bd1d.jpg","labels/small_distant__bc39bd15-d825bd1d.json"
"small_distant__c3346363-41b4ddf6","c3346363-41b4ddf6","small_distant","images/small_distant__c3346363-41b4ddf6.jpg","labels/small_distant__c3346363-41b4ddf6.json"
"small_distant__c100db13-71b423e5","c100db13-71b423e5","small_distant","images/small_distant__c100db13-71b423e5.jpg","labels/small_distant__c100db13-71b423e5.json"
"small_distant__c8beac4c-f1d1d6b5","c8beac4c-f1d1d6b5","small_distant","images/small_distant__c8beac4c-f1d1d6b5.jpg","labels/small_distant__c8beac4c-f1d1d6b5.json"
"small_distant__b27127df-eac9b95e","b27127df-eac9b95e","small_distant","images/small_distant__b27127df-eac9b95e.jpg","labels/small_distant__b27127df-eac9b95e.json"
"small_distant__b4b7133e-f6650d64","b4b7133e-f6650d64","small_distant","images/small_distant__b4b7133e-f6650d64.jpg","labels/small_distant__b4b7133e-f6650d64.json"
"small_distant__c479fb68-0060cade","c479fb68-0060cade","small_distant","images/small_distant__c479fb68-0060cade.jpg","labels/small_distant__c479fb68-0060cade.json"
"small_distant__bc05c126-b5aff837","bc05c126-b5aff837","small_distant","images/small_distant__bc05c126-b5aff837.jpg","labels/small_distant__bc05c126-b5aff837.json"
"small_distant__c926408d-8de795c6","c926408d-8de795c6","small_distant","images/small_distant__c926408d-8de795c6.jpg","labels/small_distant__c926408d-8de795c6.json"
"small_distant__c7955e20-b48c7a6a","c7955e20-b48c7a6a","small_distant","images/small_distant__c7955e20-b48c7a6a.jpg","labels/small_distant__c7955e20-b48c7a6a.json"
"small_distant__c6459d6c-e50530d0","c6459d6c-e50530d0","small_distant","images/small_distant__c6459d6c-e50530d0.jpg","labels/small_distant__c6459d6c-e50530d0.json"
"small_distant__b442c34a-6fe5cbba","b442c34a-6fe5cbba","small_distant","images/small_distant__b442c34a-6fe5cbba.jpg","labels/small_distant__b442c34a-6fe5cbba.json"
"small_distant__c4155f73-01f813b2","c4155f73-01f813b2","small_distant","images/small_distant__c4155f73-01f813b2.jpg","labels/small_distant__c4155f73-01f813b2.json"
"small_distant__c8b7358d-fc3bd36c","c8b7358d-fc3bd36c","small_distant","images/small_distant__c8b7358d-fc3bd36c.jpg","labels/small_distant__c8b7358d-fc3bd36c.json"
"small_distant__bcd53258-8754ded0","bcd53258-8754ded0","small_distant","images/small_distant__bcd53258-8754ded0.jpg","labels/small_distant__bcd53258-8754ded0.json"
